product_name,sold_price_usd
"[USA-WA][H] iPhone 17 Pro Silver 256GB, Apple AirPods Pro 2 Lightning, Apple TV 4K 64GB 3rd Gen x 2, AirTags x 4 [W] PayPal",69
"[USA-MI] [H] Apple AirPods Pro 3 BNIB, Unopened [W] PayPal",250
"[USA-CA][H] BNIB AirPods Pro 3, HomePod 2nd Gen [W] PayPal",190
[USA-MD][H] Apple AirPods Pro 3 [W] PayPal,205
[USA-CA] [H] Airpods Pro 2 [W] Paypal,100
[USA-PA] [H] Airpods Pro 3 [W] PayPal,180
[USA-WI][H] Airpod pro 3 [W] Galaxy Buds pro 4 or paypal,175
[USA-NY] [H] AirPods Pro 2 USB-C [W] PayPal,130
"[USA-TX] [H] iPad Air m3, pencil pro, AirPods Pro 2 [W] PayPal/local",80
"[USA-NY] [H] AirPods Pro 3, Sony WH-1000XM6 Platinum Silver [W] PayPal",190
[USA-NY] [H] Airpods Pro 2 (USBC) [W] Paypal,70
"[USA-GA] [H] New AirPods Pro 2 (AppleCare replacement w/ lightning &amp; MagSafe) [W] PayPal, local cash",110
"[USA-NC][H] 11"" iPad Air M2 128gb + Magic Keyboard + Apple Pencil Pro bundle, Apple Watch Series 8 GPS, AirPods Pro Gen 1 (lightning) [W] PayPal or MacBook",60
[USA-CA] [H] AirPods Pro 2 USB-C [W] PayPal G&amp;S,100
[USA-PA] [H] Airpods Pro 2 + Nomad Leather Case and Others [W] Paypal,90
[USA-MD] [H] AirPods Pro 2 USB-C  [W] PayPal,105
"[USA-CA] [H] iPad Air M3 11”, Apple Watch Series 11, AirPods Pro 2 [W] PayPal",260
"[USA-CT] [H] AirPod Pro 2, iPad Pro 11”, iPhone 14 Pro case [W] PayPal",299
[USA-FL] [H] Airpods Pro 3 with Carrying Case and Cleaning Tool [W] PayPal,130
[USA-TX] [H] Airpod Pro 2 USB C w/ Applecare + [W] Paypal,110
"[USA-CA] [H] iPhone 16 Pro, 2x iPhone 16, iPad Air M3 11”, iPad 11 A16, Apple Watch Series 11, AirPods Pro 2 [W] PayPal",210
[USA-FL] [H] Airpods Pro 3 [W] PayPal,185
[USA-IL] [H] AirPods Pro 3 [W] PayPal,190
"[USA-CA][H] AirPods Pro 2 [W] PayPal, local cash",105
"[USA-CA] [H] Apple AirPods Pro 3, Apple Watch Series 10 Slate Titanium 46mm with AppleCare+ [W] PayPal",200
"[USA-IN] [H] AirPods Pro 2 USB-C, Apple Watch Series 9 Graphite Stainless 45mm [W] PayPal",105
[USA-CA] [H] AirPod Pro 2nd Gen Lightning [W] PayPal,105
[USA-PA] [H] Airpod Pro 2 (x2) [W] Paypal,100
"[USA-PA] [H] Airpod Pro 2, Airpod Pro 3 [W] Paypal",100
[USA-MI] [H] AirPods Pro 2 USB-C [W] PayPal,105
[USA-CA][H]New AirPods Pro 3 [W] PayPal,230
[USA-TX][H] AirPod Pro 2 [W] PayPal,70
[USA-CO] [H] AirPod Pro 2’s USB-C [W] PayPal,100
"[USA-WA] [H] Apple Airpods 3rd Generation (missing one airpod) with Cinnamoroll Case, Sanrio Cinnamoroll iPhone 14 Pro Case [W] PayPal G&amp;S",50
[USA-SC] [H] iPhone Air + battery | iPad A16 | Apple Watch Series 10 | AirPods Pro 2 [W] Paypal or Local Cash,90
"[USA-NC] [H] BNIB MacBook Air M4 16/256, BNIB Airpods Pro 3 [W] PayPal/Local Cash",225
[USA-KY] [H] iPhone 15 Pro 256GB Unlocked &amp; Gen1 Airpods Pro [W] PayPal,50
[USA-VA] [H] AirPods Pro 3 [W] PayPal,200
"[USA-VA] [H] AirPods Pro 2, Lightning, [W] PayPal",75
"[USA-IL] [H] iPhone 15 Pro 128gb Natural Titanium Unlocked, AirPods [W] PayPal",100
"[USA-CA] [H] Apple Airpods 4, Apple Airpods Pro 2 usb-c [W] PayPal",70
"[USA-AZ] [H] iPhone 16 Pro 256, Apple Watch Ultra 2, AirPods Pro 2 [W] PayPal",120
[USA-SC] [H] iPhone 16 | iPad keyboard | AirPods Pro 2 [W] Paypal or Local Cash,100
"[USA-IL] [H] iPhone 17 Black 256gb Unlocked, iPhone 15 Pro 128gb Natural Titanium Unlocked, AirPods [W] PayPal",100
[USA-VA] [H] AirPods Pro 2 [W] PayPal g&amp;s,120
"[USA-IL] [H] iPhone 17 Black 256gb Unlocked, iPhone 15 Pro 128gb Natural Titanium Unlocked, AirPods [W] PayPal",100
"[USA-WA] [H] iPhone 14 Pro 128 GB Deep Purple 90% battery capacity, AirPods Pro 2 [W] PayPal, Local Cash",120
"[USA-TX] [H] Google Pixel 9 Fold, AirPods Pro Gen 1 [W] PayPal, Local Cash",75
"[USA-TX] [H] AirPod Pro 2nd Gen Lightning with MagSafe - Used [W] PayPal, Local Cash",50
[USA-NYC] [H] AirPod Pro 2 USB-C w/ Tumi Case [W] PayPal or local cash,160
"[USA-CA] [H] Apple Watch Series 8 41mm GPS + Milanese Loop, Airpods Pro 2, Airpods (2nd Gen) [W] PayPal G&amp;S or Cash",150
[USA-IL] [H] Apple AirPods Pro 2 (Lightning) [W] PayPal G&amp;S,80
[USA-NY] [H] AirPods Pro 2 USB-C [W] PayPal,150
[USA-TN] [H] Apple AirPods Pro 2 (Lightning) [W] PayPal,70
"[USA-CA] [H] AirPods Pro 2 Lightning [W] Paypal, Local Cash",110
[USA-VA] [H] AirPods Pro 2 [W] PayPal g&amp;s,140
[USA-CA][H] Airpods Pro 2nd Gen [W] PayPal,140
